<?xml version="1.0" encoding="UTF-8"?>
<project version="4">
  <component name="BookmarksTool">
    <option name="myTreeState">
      <TreeState />
    </option>
  </component>
  <component name="ChangeListManager">
    <list default="true" id="c4695999-9fe5-4a48-a869-802a7e89484d" name="Default" comment="" />
    <option name="EXCLUDED_CONVERTED_TO_IGNORED" value="true" />
    <option name="TRACKING_ENABLED" value="true" />
    <option name="SHOW_DIALOG" value="false" />
    <option name="HIGHLIGHT_CONFLICTS" value="true" />
    <option name="HIGHLIGHT_NON_ACTIVE_CHANGELIST" value="false" />
    <option name="LAST_RESOLUTION" value="IGNORE" />
  </component>
  <component name="ConsoleHistory">
    <option name="tabs">
      <list>
        <TabState>
          <option name="title" value="Console" />
          <tab>
            <model ref="6ad7cbdb-547d-46f1-838b-73b9128d8640/r:fff1ee47-eb9e-4427-9054-e80437f79182(TempModule6ad7cbdb-547d-46f1-838b-73b9128d8640/TempModel_257336942155726)">
              <persistence version="9" />
              <languages>
                <use id="de1ad86d-6e50-4a02-b306-d4d17f64c375" name="jetbrains.mps.console.base" version="0" />
                <use id="a5e4de53-46a3-44da-aab3-68fdf1c34ed0" name="jetbrains.mps.console.ideCommands" version="1" />
                <use id="995a7394-7f76-4b8b-a929-c53448708106" name="jetbrains.mps.console.internalCommands" version="0" />
                <use id="f26691d2-0def-4c06-aec6-2cb90c4af0a4" name="jetbrains.mps.console.scripts" version="0" />
                <devkit ref="fbc25dd2-5da4-483a-8b19-70928e1b62d7(jetbrains.mps.devkit.general-purpose)" />
              </languages>
              <imports>
                <import index="eynw" ref="r:359b1d2b-77c4-46df-9bf2-b25cbea32254(jetbrains.mps.console.base.structure)" />
                <import index="caxt" ref="r:135a606f-0376-4c5c-9ab8-4030f051a062(jetbrains.mps.console.ideCommands.structure)" />
                <import index="wns9" ref="r:90445206-a973-4c1d-b760-30e5c77b7497(jetbrains.mps.console.internalCommands.structure)" />
                <import index="z2sp" ref="r:e712f353-5c3c-4288-adce-87c956a52ffb(jetbrains.mps.console.scripts.structure)" />
              </imports>
              <registry>
                <language id="ceab5195-25ea-4f22-9b92-103b95ca8c0c" name="jetbrains.mps.lang.core">
                  <concept id="1169194658468" name="jetbrains.mps.lang.core.structure.INamedConcept" flags="ng" index="TrEIO">
                    <property id="1169194664001" name="name" index="TrG5h" />
                  </concept>
                </language>
                <language id="de1ad86d-6e50-4a02-b306-d4d17f64c375" name="jetbrains.mps.console.base">
                  <concept id="1583916890557930028" name="jetbrains.mps.console.base.structure.ConsoleRoot" flags="ng" index="aymSD">
                    <child id="1583916890557930415" name="history" index="aymYE" />
                    <child id="1583916890557930417" name="commandHolder" index="aymYO" />
                    <child id="9025248442620242919" name="cursor" index="1PhJh3" />
                  </concept>
                  <concept id="5758176878586720817" name="jetbrains.mps.console.base.structure.CommandHolderRef" flags="ng" index="2_V_lH">
                    <reference id="5758176878586720818" name="target" index="2_V_lI" />
                  </concept>
                  <concept id="351968380916615243" name="jetbrains.mps.console.base.structure.CommandHolder" flags="ng" index="2Clz$F" />
                  <concept id="757553790980850366" name="jetbrains.mps.console.base.structure.History" flags="ng" index="3balQm" />
                </language>
              </registry>
              <node concept="aymSD" id="3AWiFj2WkZE">
                <node concept="3balQm" id="3AWiFj2WkZF" role="aymYE" />
                <node concept="2Clz$F" id="3AWiFj2WkZG" role="aymYO">
                  <property role="TrG5h" value="CommandHolder" />
                </node>
                <node concept="2_V_lH" id="3AWiFj2WkZH" role="1PhJh3">
                  <ref role="2_V_lI" node="3AWiFj2WkZG" resolve="CommandHolder" />
                </node>
              </node>
            </model>
          </tab>
        </TabState>
      </list>
    </option>
  </component>
  <component name="DefaultSearchOptions3">
    <search_options>
      <finders>
        <finders />
      </finders>
      <scope>
        <scope_type scope_type="PROJECT" module="&lt;default&gt;" model="&lt;default&gt;" />
      </scope>
      <view>
        <flags show_one_result="true" new_tab="false" />
      </view>
    </search_options>
  </component>
  <component name="FileEditorManager">
    <leaf>
      <file leaf-file-name="Mobile" pinned="false" current-in-tab="false">
        <entry file="mps://node://Mobile_language/Mobile_language.structure/Mobile">
          <provider selected="true" editor-type-id="MPSFileEditor">
            <state class="jetbrains.mps.ide.editor.tabs.TabbedEditor$TabbedEditorState">
              <memento saveSessionState="false" viewPositionX="0" viewPositionY="180">
                <selectionStack>
                  <stackElement className="jetbrains.mps.nodeEditor.selection.EditorCellLabelSelection">
                    <property name="hasNonTrivialSelection" value="false" />
                    <property name="caretX" value="358" />
                    <property name="caretXRelative" value="8" />
                    <property name="sideSelectDirection" value="NONE" />
                    <cellInfo cellId="Constant_jiideg_a0">
                      <node node_reference="r:6298043a-01ec-4c67-bce7-297f1f8ca6af(main@generator)/4160282296009514352" />
                    </cellInfo>
                  </stackElement>
                </selectionStack>
                <errorMarkers />
                <transactionalProperties />
                <foldable>
                  <collapsedElement isCollapsed="false">
                    <cellIdElement cellId="Collection_fao2ea_a">
                      <node node_reference="r:6298043a-01ec-4c67-bce7-297f1f8ca6af(main@generator)/4160282296008846528" />
                    </cellIdElement>
                  </collapsedElement>
                  <collapsedElement isCollapsed="false">
                    <cellIdElement cellId="Collection_msf9u8_b0">
                      <node node_reference="r:6298043a-01ec-4c67-bce7-297f1f8ca6af(main@generator)/4160282296008846526" />
                    </cellIdElement>
                  </collapsedElement>
                  <collapsedElement isCollapsed="false">
                    <cellIdElement cellId="Collection_fao2ea_a">
                      <node node_reference="r:6298043a-01ec-4c67-bce7-297f1f8ca6af(main@generator)/4160282296008784669" />
                    </cellIdElement>
                  </collapsedElement>
                  <collapsedElement isCollapsed="false">
                    <cellIdElement cellId="Collection_fao2ea_a">
                      <node node_reference="r:6298043a-01ec-4c67-bce7-297f1f8ca6af(main@generator)/4160282296008784661" />
                    </cellIdElement>
                  </collapsedElement>
                  <collapsedElement isCollapsed="false">
                    <cellIdElement cellId="Collection_fao2ea_a">
                      <node node_reference="r:6298043a-01ec-4c67-bce7-297f1f8ca6af(main@generator)/4160282296008784653" />
                    </cellIdElement>
                  </collapsedElement>
                  <collapsedElement isCollapsed="false">
                    <cellIdElement cellId="Collection_msf9u8_b0">
                      <node node_reference="r:6298043a-01ec-4c67-bce7-297f1f8ca6af(main@generator)/4160282296008784651" />
                    </cellIdElement>
                  </collapsedElement>
                  <collapsedElement isCollapsed="false">
                    <cellIdElement cellId="Collection_fao2ea_a">
                      <node node_reference="r:6298043a-01ec-4c67-bce7-297f1f8ca6af(main@generator)/4160282296008825094" />
                    </cellIdElement>
                  </collapsedElement>
                  <collapsedElement isCollapsed="false">
                    <cellIdElement cellId="Collection_fao2ea_a">
                      <node node_reference="r:6298043a-01ec-4c67-bce7-297f1f8ca6af(main@generator)/4160282296008805563" />
                    </cellIdElement>
                  </collapsedElement>
                  <collapsedElement isCollapsed="false">
                    <cellIdElement cellId="Collection_fao2ea_a">
                      <node node_reference="r:6298043a-01ec-4c67-bce7-297f1f8ca6af(main@generator)/4160282296008878638" />
                    </cellIdElement>
                  </collapsedElement>
                </foldable>
                <restoreAlways>
                  <collapsedElement isCollapsed="false">
                    <cellIdElement cellId="Collection_fao2ea_a">
                      <node node_reference="r:6298043a-01ec-4c67-bce7-297f1f8ca6af(main@generator)/4160282296008805563" />
                    </cellIdElement>
                  </collapsedElement>
                </restoreAlways>
              </memento>
              <inspectorMemento currentlyEditedNode="r:b11cbd1c-9a19-4c05-a0d7-8e83939b9ec0(Mobile_language.sandbox)/4160282296009604089" saveSessionState="false" viewPositionX="0" viewPositionY="0">
                <selectionStack />
                <errorMarkers />
                <transactionalProperties />
                <foldable />
                <restoreAlways />
                <enabledHints />
              </inspectorMemento>
              <node node_ref="r:6298043a-01ec-4c67-bce7-297f1f8ca6af(main@generator)/4160282296008733753" />
            </state>
          </provider>
        </entry>
      </file>
      <file leaf-file-name="InputFeature" pinned="false" current-in-tab="false">
        <entry file="mps://node://Mobile_language/Mobile_language.structure/InputFeature">
          <provider selected="true" editor-type-id="MPSFileEditor">
            <state class="jetbrains.mps.ide.editor.tabs.TabbedEditor$TabbedEditorState">
              <memento saveSessionState="false" viewPositionX="0" viewPositionY="0">
                <selectionStack>
                  <stackElement className="jetbrains.mps.nodeEditor.selection.EditorCellLabelSelection">
                    <property name="hasNonTrivialSelection" value="false" />
                    <property name="caretX" value="171" />
                    <property name="caretXRelative" value="32" />
                    <property name="sideSelectDirection" value="NONE" />
                    <cellInfo cellId="property_name">
                      <node node_reference="r:7f98ed50-824f-4790-9e8c-6db9fc00e025(Mobile_language.editor)/4160282296008689869" />
                    </cellInfo>
                  </stackElement>
                </selectionStack>
                <errorMarkers />
                <transactionalProperties />
                <foldable />
                <restoreAlways />
              </memento>
              <inspectorMemento currentlyEditedNode="r:b11cbd1c-9a19-4c05-a0d7-8e83939b9ec0(Mobile_language.sandbox)/4160282296009604089" saveSessionState="false" viewPositionX="0" viewPositionY="0">
                <selectionStack />
                <errorMarkers />
                <transactionalProperties />
                <foldable />
                <restoreAlways />
                <enabledHints />
              </inspectorMemento>
              <node node_ref="r:7f98ed50-824f-4790-9e8c-6db9fc00e025(Mobile_language.editor)/4160282296008689817" />
            </state>
          </provider>
        </entry>
      </file>
      <file leaf-file-name="OutputField" pinned="false" current-in-tab="false">
        <entry file="mps://node://Mobile_language/Mobile_language.structure/OutputField">
          <provider selected="true" editor-type-id="MPSFileEditor">
            <state class="jetbrains.mps.ide.editor.tabs.TabbedEditor$TabbedEditorState">
              <memento saveSessionState="false" viewPositionX="0" viewPositionY="0">
                <selectionStack>
                  <stackElement className="jetbrains.mps.nodeEditor.selection.EditorCellLabelSelection">
                    <property name="hasNonTrivialSelection" value="false" />
                    <property name="caretX" value="227" />
                    <property name="caretXRelative" value="80" />
                    <property name="sideSelectDirection" value="NONE" />
                    <cellInfo cellId="property_role">
                      <node node_reference="r:7f98ed50-824f-4790-9e8c-6db9fc00e025(Mobile_language.editor)/4160282296008702078" />
                    </cellInfo>
                  </stackElement>
                </selectionStack>
                <errorMarkers />
                <transactionalProperties />
                <foldable />
                <restoreAlways />
              </memento>
              <inspectorMemento currentlyEditedNode="r:b11cbd1c-9a19-4c05-a0d7-8e83939b9ec0(Mobile_language.sandbox)/4160282296009604089" saveSessionState="false" viewPositionX="0" viewPositionY="0">
                <selectionStack />
                <errorMarkers />
                <transactionalProperties />
                <foldable />
                <restoreAlways />
                <enabledHints />
              </inspectorMemento>
              <node node_ref="r:7f98ed50-824f-4790-9e8c-6db9fc00e025(Mobile_language.editor)/4160282296008689911" />
            </state>
          </provider>
        </entry>
      </file>
      <file leaf-file-name="Cost" pinned="false" current-in-tab="false">
        <entry file="mps://node://Mobile_language.sandbox/Mobile_language.sandbox/Cost">
          <provider selected="true" editor-type-id="MPSFileEditor">
            <state class="jetbrains.mps.ide.editor.BaseNodeEditor$BaseEditorState">
              <memento saveSessionState="false" viewPositionX="0" viewPositionY="0">
                <selectionStack>
                  <stackElement className="jetbrains.mps.nodeEditor.selection.EditorCellLabelSelection">
                    <property name="hasNonTrivialSelection" value="false" />
                    <property name="caretX" value="331" />
                    <property name="caretXRelative" value="40" />
                    <property name="sideSelectDirection" value="NONE" />
                    <cellInfo cellId="property_value">
                      <node node_reference="r:e6e435ec-c162-4f10-833f-a304c277578d(Mobile_language.sandbox)/4160282296008733708" />
                    </cellInfo>
                  </stackElement>
                </selectionStack>
                <errorMarkers />
                <transactionalProperties />
                <foldable />
                <restoreAlways />
              </memento>
              <inspectorMemento currentlyEditedNode="r:b11cbd1c-9a19-4c05-a0d7-8e83939b9ec0(Mobile_language.sandbox)/4160282296009604089" saveSessionState="false" viewPositionX="0" viewPositionY="0">
                <selectionStack />
                <errorMarkers />
                <transactionalProperties />
                <foldable />
                <restoreAlways />
                <enabledHints />
              </inspectorMemento>
            </state>
          </provider>
        </entry>
      </file>
      <file leaf-file-name="CostOfMobile" pinned="false" current-in-tab="true">
        <entry file="mps://node://Mobile_language.sandbox/Mobile_language.sandbox/CostOfMobile">
          <provider selected="true" editor-type-id="MPSFileEditor">
            <state class="jetbrains.mps.ide.editor.BaseNodeEditor$BaseEditorState">
              <memento saveSessionState="false" viewPositionX="0" viewPositionY="0">
                <selectionStack>
                  <stackElement className="jetbrains.mps.nodeEditor.selection.EditorCellLabelSelection">
                    <property name="hasNonTrivialSelection" value="false" />
                    <property name="caretX" value="131" />
                    <property name="caretXRelative" value="24" />
                    <property name="sideSelectDirection" value="NONE" />
                    <cellInfo cellId="property_name">
                      <node node_reference="r:b11cbd1c-9a19-4c05-a0d7-8e83939b9ec0(Mobile_language.sandbox)/4160282296009604089" />
                    </cellInfo>
                  </stackElement>
                </selectionStack>
                <errorMarkers />
                <transactionalProperties />
                <foldable />
                <restoreAlways />
              </memento>
              <inspectorMemento currentlyEditedNode="r:b11cbd1c-9a19-4c05-a0d7-8e83939b9ec0(Mobile_language.sandbox)/4160282296009604089" saveSessionState="false" viewPositionX="0" viewPositionY="0">
                <selectionStack />
                <errorMarkers />
                <transactionalProperties />
                <foldable />
                <restoreAlways />
                <enabledHints />
              </inspectorMemento>
            </state>
          </provider>
        </entry>
      </file>
      <file leaf-file-name="main" pinned="false" current-in-tab="false">
        <entry file="mps://node://Mobile_language#4160282296008658866/main@generator/main">
          <provider selected="true" editor-type-id="MPSFileEditor">
            <state class="jetbrains.mps.ide.editor.BaseNodeEditor$BaseEditorState">
              <memento saveSessionState="false" viewPositionX="0" viewPositionY="0">
                <selectionStack>
                  <stackElement className="jetbrains.mps.nodeEditor.selection.EditorCellLabelSelection">
                    <property name="hasNonTrivialSelection" value="false" />
                    <property name="caretX" value="476" />
                    <property name="caretXRelative" value="16" />
                    <property name="sideSelectDirection" value="NONE" />
                    <cellInfo cellId="Constant_9o3sb9_a0">
                      <node node_reference="r:6298043a-01ec-4c67-bce7-297f1f8ca6af(main@generator)/4160282296009532595" />
                    </cellInfo>
                  </stackElement>
                </selectionStack>
                <errorMarkers />
                <transactionalProperties />
                <foldable>
                  <collapsedElement isCollapsed="false">
                    <cellIdElement cellId="refNodeList_dropAttrubuteRule">
                      <node node_reference="r:6298043a-01ec-4c67-bce7-297f1f8ca6af(main@generator)/4160282296008658867" />
                    </cellIdElement>
                  </collapsedElement>
                </foldable>
                <restoreAlways />
              </memento>
              <inspectorMemento currentlyEditedNode="r:b11cbd1c-9a19-4c05-a0d7-8e83939b9ec0(Mobile_language.sandbox)/4160282296009604089" saveSessionState="false" viewPositionX="0" viewPositionY="0">
                <selectionStack />
                <errorMarkers />
                <transactionalProperties />
                <foldable />
                <restoreAlways />
                <enabledHints />
              </inspectorMemento>
            </state>
          </provider>
        </entry>
      </file>
      <file leaf-file-name="MobileImpl.java" pinned="false" current-in-tab="false">
        <entry file="previewMobile_language.sandbox@0/MobileImpl.java">
          <provider selected="true" editor-type-id="text-editor">
            <state relative-caret-position="85">
              <caret line="5" column="0" lean-forward="false" selection-start-line="5" selection-start-column="0" selection-end-line="5" selection-end-column="0" />
            </state>
          </provider>
        </entry>
      </file>
      <file leaf-file-name="MobileImpl" pinned="false" current-in-tab="false">
        <entry file="mps://node://Mobile_language#4160282296008658866/main@generator/MobileImpl">
          <provider selected="true" editor-type-id="MPSFileEditor">
            <state class="jetbrains.mps.ide.editor.BaseNodeEditor$BaseEditorState">
              <memento saveSessionState="false" viewPositionX="0" viewPositionY="0">
                <selectionStack />
                <errorMarkers />
                <transactionalProperties />
                <foldable>
                  <collapsedElement isCollapsed="false">
                    <cellIdElement cellId="Collection_fao2ea_a">
                      <node node_reference="r:6298043a-01ec-4c67-bce7-297f1f8ca6af(main@generator)/4160282296008846528" />
                    </cellIdElement>
                  </collapsedElement>
                  <collapsedElement isCollapsed="false">
                    <cellIdElement cellId="Collection_msf9u8_b0">
                      <node node_reference="r:6298043a-01ec-4c67-bce7-297f1f8ca6af(main@generator)/4160282296008846526" />
                    </cellIdElement>
                  </collapsedElement>
                  <collapsedElement isCollapsed="false">
                    <cellIdElement cellId="Collection_fao2ea_a">
                      <node node_reference="r:6298043a-01ec-4c67-bce7-297f1f8ca6af(main@generator)/4160282296008784669" />
                    </cellIdElement>
                  </collapsedElement>
                  <collapsedElement isCollapsed="false">
                    <cellIdElement cellId="Collection_fao2ea_a">
                      <node node_reference="r:6298043a-01ec-4c67-bce7-297f1f8ca6af(main@generator)/4160282296008784661" />
                    </cellIdElement>
                  </collapsedElement>
                  <collapsedElement isCollapsed="false">
                    <cellIdElement cellId="Collection_fao2ea_a">
                      <node node_reference="r:6298043a-01ec-4c67-bce7-297f1f8ca6af(main@generator)/4160282296008784653" />
                    </cellIdElement>
                  </collapsedElement>
                  <collapsedElement isCollapsed="false">
                    <cellIdElement cellId="Collection_msf9u8_b0">
                      <node node_reference="r:6298043a-01ec-4c67-bce7-297f1f8ca6af(main@generator)/4160282296008784651" />
                    </cellIdElement>
                  </collapsedElement>
                  <collapsedElement isCollapsed="false">
                    <cellIdElement cellId="Collection_fao2ea_a">
                      <node node_reference="r:6298043a-01ec-4c67-bce7-297f1f8ca6af(main@generator)/4160282296008825094" />
                    </cellIdElement>
                  </collapsedElement>
                  <collapsedElement isCollapsed="false">
                    <cellIdElement cellId="Collection_fao2ea_a">
                      <node node_reference="r:6298043a-01ec-4c67-bce7-297f1f8ca6af(main@generator)/4160282296008805563" />
                    </cellIdElement>
                  </collapsedElement>
                  <collapsedElement isCollapsed="false">
                    <cellIdElement cellId="Collection_fao2ea_a">
                      <node node_reference="r:6298043a-01ec-4c67-bce7-297f1f8ca6af(main@generator)/4160282296008878638" />
                    </cellIdElement>
                  </collapsedElement>
                </foldable>
                <restoreAlways />
              </memento>
              <inspectorMemento currentlyEditedNode="r:b11cbd1c-9a19-4c05-a0d7-8e83939b9ec0(Mobile_language.sandbox)/4160282296009604089" saveSessionState="false" viewPositionX="0" viewPositionY="0">
                <selectionStack />
                <errorMarkers />
                <transactionalProperties />
                <foldable />
                <restoreAlways />
                <enabledHints />
              </inspectorMemento>
            </state>
          </provider>
        </entry>
      </file>
      <file leaf-file-name="InputFeatureReference" pinned="false" current-in-tab="false">
        <entry file="mps://node://Mobile_language/Mobile_language.structure/InputFeatureReference">
          <provider selected="true" editor-type-id="MPSFileEditor">
            <state class="jetbrains.mps.ide.editor.tabs.TabbedEditor$TabbedEditorState">
              <memento saveSessionState="false" viewPositionX="0" viewPositionY="0">
                <selectionStack>
                  <stackElement className="jetbrains.mps.nodeEditor.selection.EditorCellLabelSelection">
                    <property name="hasNonTrivialSelection" value="false" />
                    <property name="caretX" value="423" />
                    <property name="caretXRelative" value="80" />
                    <property name="sideSelectDirection" value="NONE" />
                    <cellInfo cellId="property_name">
                      <node node_reference="r:dad244af-33cd-42a3-a6ad-306df5e2797f(Mobile_language.structure)/4160282296008709586" />
                    </cellInfo>
                  </stackElement>
                </selectionStack>
                <errorMarkers />
                <transactionalProperties />
                <foldable />
                <restoreAlways />
              </memento>
              <inspectorMemento currentlyEditedNode="r:b11cbd1c-9a19-4c05-a0d7-8e83939b9ec0(Mobile_language.sandbox)/4160282296009604089" saveSessionState="false" viewPositionX="0" viewPositionY="0">
                <selectionStack />
                <errorMarkers />
                <transactionalProperties />
                <foldable />
                <restoreAlways />
                <enabledHints />
              </inspectorMemento>
              <node node_ref="r:dad244af-33cd-42a3-a6ad-306df5e2797f(Mobile_language.structure)/4160282296008709586" />
            </state>
          </provider>
        </entry>
      </file>
      <file leaf-file-name="Expression" pinned="false" current-in-tab="false">
        <entry file="mps://node://jetbrains.mps.baseLanguage/jetbrains.mps.baseLanguage.structure/Expression">
          <provider selected="true" editor-type-id="MPSFileEditor">
            <state class="jetbrains.mps.ide.editor.tabs.TabbedEditor$TabbedEditorState">
              <memento saveSessionState="false" viewPositionX="0" viewPositionY="0">
                <selectionStack>
                  <stackElement className="jetbrains.mps.nodeEditor.selection.EditorCellLabelSelection">
                    <property name="hasNonTrivialSelection" value="false" />
                    <property name="caretX" value="231" />
                    <property name="caretXRelative" value="80" />
                    <property name="sideSelectDirection" value="NONE" />
                    <cellInfo cellId="name">
                      <node node_reference="r:00000000-0000-4000-0000-011c895902ca(jetbrains.mps.baseLanguage.structure)/1068431790191" />
                    </cellInfo>
                  </stackElement>
                </selectionStack>
                <errorMarkers />
                <transactionalProperties />
                <foldable />
                <restoreAlways />
              </memento>
              <inspectorMemento currentlyEditedNode="r:b11cbd1c-9a19-4c05-a0d7-8e83939b9ec0(Mobile_language.sandbox)/4160282296009604089" saveSessionState="false" viewPositionX="0" viewPositionY="0">
                <selectionStack />
                <errorMarkers />
                <transactionalProperties />
                <foldable />
                <restoreAlways />
                <enabledHints />
              </inspectorMemento>
              <node node_ref="r:00000000-0000-4000-0000-011c895902ca(jetbrains.mps.baseLanguage.structure)/1068431790191" />
            </state>
          </provider>
        </entry>
      </file>
    </leaf>
  </component>
  <component name="MPSBookmarkManager">
    <option name="myBookmarkInfos">
      <array>
        <BookmarkInfo />
        <BookmarkInfo />
        <BookmarkInfo />
        <BookmarkInfo />
        <BookmarkInfo />
        <BookmarkInfo />
        <BookmarkInfo />
        <BookmarkInfo />
        <BookmarkInfo />
        <BookmarkInfo />
      </array>
    </option>
  </component>
  <component name="ProjectFrameBounds" extendedState="6">
    <option name="x" value="1920" />
    <option name="width" value="1920" />
    <option name="height" value="1080" />
  </component>
  <component name="ProjectPluginManager">
    <option name="pluginsState">
      <option name="jetbrains.mps.baseLanguage.lightweightdsl.pluginSolution.plugin.PluginSolution_ProjectPlugin">
        <value>
          <PluginState />
        </value>
      </option>
      <option name="jetbrains.mps.editor.contextActionsTool.pluginSolution.plugin.PluginSolution_ProjectPlugin">
        <value>
          <PluginState />
        </value>
      </option>
      <option name="jetbrains.mps.execution.configurations.implementation.plugin.plugin.Plugin_ProjectPlugin">
        <value>
          <PluginState />
        </value>
      </option>
      <option name="jetbrains.mps.execution.configurations.pluginSolution.plugin.PluginSolution_ProjectPlugin">
        <value>
          <PluginState />
        </value>
      </option>
      <option name="jetbrains.mps.ide.actions.Ide_ProjectPlugin">
        <value>
          <PluginState>
            <option name="myComponentsState">
              <list>
                <ComponentState>
                  <option name="first" value="jetbrains.mps.ide.actions.BehaviorDialogsPersistentOptions_PreferencesComponent" />
                  <params>
                    <option name="addReturnsOnImplement" value="false" />
                    <option name="sortAlphabetically" value="false" />
                    <option name="removeAttributes" value="true" />
                  </params>
                </ComponentState>
              </list>
            </option>
          </PluginState>
        </value>
      </option>
      <option name="jetbrains.mps.ide.devkit.actions.Mpsdevkit_ProjectPlugin">
        <value>
          <PluginState />
        </value>
      </option>
      <option name="jetbrains.mps.ide.make.actions.Make_ProjectPlugin">
        <value>
          <PluginState />
        </value>
      </option>
    </option>
  </component>
  <component name="ProjectView">
    <navigator currentView="ProjectPane" proportions="" version="1">
      <flattenPackages />
      <showMembers />
      <showModules />
      <showLibraryContents />
      <hideEmptyPackages />
      <abbreviatePackageNames />
      <autoscrollToSource />
      <autoscrollFromSource />
      <sortByType />
      <manualOrder />
      <foldersAlwaysOnTop value="true" />
    </navigator>
    <panes>
      <pane id="ProjectPane">
        <subPane>
          <PATH>
            <PATH_ELEMENT>
              <option name="myItemId" value="Project" />
              <option name="myItemType" value="" />
            </PATH_ELEMENT>
          </PATH>
          <PATH>
            <PATH_ELEMENT>
              <option name="myItemId" value="Project" />
              <option name="myItemType" value="" />
            </PATH_ELEMENT>
            <PATH_ELEMENT>
              <option name="myItemId" value="c5bf149d-e840-4863-943d-431a54c8f817(Mobile_language)" />
              <option name="myItemType" value="" />
            </PATH_ELEMENT>
            <PATH_ELEMENT>
              <option name="myItemId" value="all models" />
              <option name="myItemType" value="" />
            </PATH_ELEMENT>
          </PATH>
          <PATH>
            <PATH_ELEMENT>
              <option name="myItemId" value="Project" />
              <option name="myItemType" value="" />
            </PATH_ELEMENT>
            <PATH_ELEMENT>
              <option name="myItemId" value="28a607c8-a430-4f67-acca-1c86cf7c6f69" />
              <option name="myItemType" value="" />
            </PATH_ELEMENT>
            <PATH_ELEMENT>
              <option name="myItemId" value="Mobile_language" />
              <option name="myItemType" value="" />
            </PATH_ELEMENT>
            <PATH_ELEMENT>
              <option name="myItemId" value="r:e6e435ec-c162-4f10-833f-a304c277578d(Mobile_language.sandbox) in IdeaFile{file:///am/phoenix/home1/mehtashwe/MPSProjects/Mobile/languages/NewLanguage/sandbox/models/Mobile_language.sandbox.mps}" />
              <option name="myItemType" value="" />
            </PATH_ELEMENT>
          </PATH>
          <PATH>
            <PATH_ELEMENT>
              <option name="myItemId" value="Modules Pool" />
              <option name="myItemType" value="" />
            </PATH_ELEMENT>
          </PATH>
          <PATH>
            <PATH_ELEMENT>
              <option name="myItemId" value="Project" />
              <option name="myItemType" value="" />
            </PATH_ELEMENT>
            <PATH_ELEMENT>
              <option name="myItemId" value="28a607c8-a430-4f67-acca-1c86cf7c6f69" />
              <option name="myItemType" value="" />
            </PATH_ELEMENT>
          </PATH>
          <PATH>
            <PATH_ELEMENT>
              <option name="myItemId" value="Project" />
              <option name="myItemType" value="" />
            </PATH_ELEMENT>
            <PATH_ELEMENT>
              <option name="myItemId" value="c5bf149d-e840-4863-943d-431a54c8f817(Mobile_language)" />
              <option name="myItemType" value="" />
            </PATH_ELEMENT>
          </PATH>
          <PATH>
            <PATH_ELEMENT>
              <option name="myItemId" value="Project" />
              <option name="myItemType" value="" />
            </PATH_ELEMENT>
            <PATH_ELEMENT>
              <option name="myItemId" value="c5bf149d-e840-4863-943d-431a54c8f817(Mobile_language)" />
              <option name="myItemType" value="" />
            </PATH_ELEMENT>
            <PATH_ELEMENT>
              <option name="myItemId" value="r:7f98ed50-824f-4790-9e8c-6db9fc00e025(Mobile_language.editor) in IdeaFile{file:///am/phoenix/home1/mehtashwe/MPSProjects/Mobile/languages/NewLanguage/models/editor.mps}" />
              <option name="myItemType" value="" />
            </PATH_ELEMENT>
          </PATH>
          <PATH>
            <PATH_ELEMENT>
              <option name="myItemId" value="Project" />
              <option name="myItemType" value="" />
            </PATH_ELEMENT>
            <PATH_ELEMENT>
              <option name="myItemId" value="c5bf149d-e840-4863-943d-431a54c8f817(Mobile_language)" />
              <option name="myItemType" value="" />
            </PATH_ELEMENT>
            <PATH_ELEMENT>
              <option name="myItemId" value="r:dad244af-33cd-42a3-a6ad-306df5e2797f(Mobile_language.structure) in IdeaFile{file:///am/phoenix/home1/mehtashwe/MPSProjects/Mobile/languages/NewLanguage/models/structure.mps}" />
              <option name="myItemType" value="" />
            </PATH_ELEMENT>
          </PATH>
          <PATH>
            <PATH_ELEMENT>
              <option name="myItemId" value="Project" />
              <option name="myItemType" value="" />
            </PATH_ELEMENT>
            <PATH_ELEMENT>
              <option name="myItemId" value="28a607c8-a430-4f67-acca-1c86cf7c6f69" />
              <option name="myItemType" value="" />
            </PATH_ELEMENT>
            <PATH_ELEMENT>
              <option name="myItemId" value="Mobile_language" />
              <option name="myItemType" value="" />
            </PATH_ELEMENT>
          </PATH>
          <PATH>
            <PATH_ELEMENT>
              <option name="myItemId" value="Project" />
              <option name="myItemType" value="" />
            </PATH_ELEMENT>
            <PATH_ELEMENT>
              <option name="myItemId" value="28a607c8-a430-4f67-acca-1c86cf7c6f69" />
              <option name="myItemType" value="" />
            </PATH_ELEMENT>
            <PATH_ELEMENT>
              <option name="myItemId" value="Mobile_language" />
              <option name="myItemType" value="" />
            </PATH_ELEMENT>
            <PATH_ELEMENT>
              <option name="myItemId" value="r:b11cbd1c-9a19-4c05-a0d7-8e83939b9ec0(Mobile_language.sandbox) in IdeaFile{file:///am/phoenix/home1/mehtashwe/MPSProjects/Mobile/languages/NewLanguage/sandbox/models/Mobile_language.sandbox.mps}" />
              <option name="myItemType" value="" />
            </PATH_ELEMENT>
          </PATH>
          <PATH>
            <PATH_ELEMENT>
              <option name="myItemId" value="Modules Pool" />
              <option name="myItemType" value="" />
            </PATH_ELEMENT>
            <PATH_ELEMENT>
              <option name="myItemId" value="Solutions" />
              <option name="myItemType" value="" />
            </PATH_ELEMENT>
          </PATH>
          <SELECTED>
            <PATH_ELEMENT>
              <option name="myItemId" value="Project" />
              <option name="myItemType" value="" />
            </PATH_ELEMENT>
            <PATH_ELEMENT>
              <option name="myItemId" value="28a607c8-a430-4f67-acca-1c86cf7c6f69" />
              <option name="myItemType" value="" />
            </PATH_ELEMENT>
          </SELECTED>
        </subPane>
      </pane>
      <pane id="Favorites" />
      <pane id="FileSystem" />
    </panes>
  </component>
  <component name="RunDashboard">
    <option name="ruleStates">
      <list>
        <RuleState>
          <option name="name" value="ConfigurationTypeDashboardGroupingRule" />
        </RuleState>
        <RuleState>
          <option name="name" value="StatusDashboardGroupingRule" />
        </RuleState>
      </list>
    </option>
  </component>
  <component name="RunManager">
    <configuration name="cost" type="Java Application" factoryName="Java">
      <MyState />
      <myNode>
        <MyState>
          <option name="myNodePointer" value="r:6298043a-01ec-4c67-bce7-297f1f8ca6af(main@generator)/4160282296008733753" />
          <option name="myNodeText" value="main.MobileImpl" />
        </MyState>
      </myNode>
      <myRunParameters>
        <MyState>
          <option name="myJavaRunParameters">
            <JavaRunParameters>
              <option name="jrePath" value="" />
              <option name="programParameters" value="" />
              <option name="useAlternativeJre" value="false" />
              <option name="vmOptions" value="" />
              <option name="workingDirectory" value="$APPLICATION_HOME_DIR$/bin" />
            </JavaRunParameters>
          </option>
        </MyState>
      </myRunParameters>
    </configuration>
    <configuration name="&lt;template&gt;" type="Applet" default="true" selected="false">
      <option name="MAIN_CLASS_NAME" />
      <option name="HTML_FILE_NAME" />
      <option name="HTML_USED" value="false" />
      <option name="WIDTH" value="400" />
      <option name="HEIGHT" value="300" />
      <option name="POLICY_FILE" value="$APPLICATION_HOME_DIR$/bin/appletviewer.policy" />
      <option name="VM_PARAMETERS" />
    </configuration>
    <configuration name="&lt;template&gt;" type="Application" default="true" selected="false">
      <option name="MAIN_CLASS_NAME" />
      <option name="VM_PARAMETERS" />
      <option name="PROGRAM_PARAMETERS" />
      <option name="WORKING_DIRECTORY" value="$PROJECT_DIR$" />
    </configuration>
    <configuration name="&lt;template&gt;" type="JUnit" default="true" selected="false">
      <option name="MAIN_CLASS_NAME" />
      <option name="VM_PARAMETERS" value="-ea" />
      <option name="PARAMETERS" />
      <option name="WORKING_DIRECTORY" value="%MODULE_WORKING_DIR%" />
    </configuration>
    <configuration name="&lt;template&gt;" type="Remote" default="true" selected="false">
      <option name="USE_SOCKET_TRANSPORT" value="true" />
      <option name="SHMEM_ADDRESS" value="javadebug" />
      <option name="HOST" value="localhost" />
      <option name="PORT" value="5005" />
    </configuration>
    <configuration name="&lt;template&gt;" type="TestNG" default="true" selected="false">
      <option name="MAIN_CLASS_NAME" />
      <option name="VM_PARAMETERS" value="-ea" />
      <option name="PARAMETERS" />
      <option name="WORKING_DIRECTORY" value="%MODULE_WORKING_DIR%" />
    </configuration>
    <configuration name="&lt;template&gt;" type="#org.jetbrains.idea.devkit.run.PluginConfigurationType" default="true" selected="false">
      <option name="VM_PARAMETERS" value="-Xmx512m -Xms256m -XX:MaxPermSize=250m -ea" />
    </configuration>
  </component>
  <component name="ShelveChangesManager" show_recycled="false">
    <option name="remove_strategy" value="false" />
  </component>
  <component name="SvnConfiguration">
    <configuration>$USER_HOME$/.subversion</configuration>
  </component>
  <component name="ToolWindowManager">
    <frame x="1920" y="0" width="1920" height="1080" extended-state="6" />
    <layout>
      <window_info id="Bookmarks" active="false" anchor="bottom" auto_hide="false" internal_type="DOCKED" type="DOCKED" visible="false" show_stripe_button="true" weight="0.33" sideWeight="0.5" order="-1" side_tool="false" content_ui="tabs" />
      <window_info id="Model Checker" active="false" anchor="bottom" auto_hide="false" internal_type="DOCKED" type="DOCKED" visible="false" show_stripe_button="true" weight="0.32923076" sideWeight="0.49573106" order="-1" side_tool="false" content_ui="tabs" />
      <window_info id="Menu Trace" active="false" anchor="bottom" auto_hide="false" internal_type="DOCKED" type="DOCKED" visible="false" show_stripe_button="true" weight="0.33" sideWeight="0.5" order="-1" side_tool="false" content_ui="tabs" />
      <window_info id="Migration" active="false" anchor="bottom" auto_hide="false" internal_type="DOCKED" type="DOCKED" visible="false" show_stripe_button="true" weight="0.33" sideWeight="0.5" order="-1" side_tool="false" content_ui="tabs" />
      <window_info id="Event Log" active="false" anchor="bottom" auto_hide="false" internal_type="DOCKED" type="DOCKED" visible="false" show_stripe_button="true" weight="0.33" sideWeight="0.5" order="-1" side_tool="true" content_ui="tabs" />
      <window_info id="Generation Tracer" active="false" anchor="bottom" auto_hide="false" internal_type="DOCKED" type="DOCKED" visible="false" show_stripe_button="true" weight="0.33" sideWeight="0.5" order="-1" side_tool="false" content_ui="tabs" />
      <window_info id="Hierarchy" active="false" anchor="right" auto_hide="false" internal_type="DOCKED" type="DOCKED" visible="false" show_stripe_button="true" weight="0.25" sideWeight="0.5" order="2" side_tool="false" content_ui="combo" />
      <window_info id="Class Hierarchy" active="false" anchor="right" auto_hide="false" internal_type="DOCKED" type="DOCKED" visible="false" show_stripe_button="true" weight="0.33" sideWeight="0.5" order="-1" side_tool="false" content_ui="tabs" />
      <window_info id="Module Dependencies" active="false" anchor="bottom" auto_hide="false" internal_type="DOCKED" type="DOCKED" visible="false" show_stripe_button="true" weight="0.33" sideWeight="0.5" order="-1" side_tool="false" content_ui="tabs" />
      <window_info id="Console" active="false" anchor="bottom" auto_hide="false" internal_type="DOCKED" type="DOCKED" visible="false" show_stripe_button="true" weight="0.33" sideWeight="0.5" order="-1" side_tool="false" content_ui="tabs" />
      <window_info id="Inspector" active="false" anchor="bottom" auto_hide="false" internal_type="DOCKED" type="DOCKED" visible="true" show_stripe_button="true" weight="0.32923076" sideWeight="0.5064034" order="-1" side_tool="true" content_ui="tabs" />
      <window_info id="Structure" active="false" anchor="left" auto_hide="false" internal_type="DOCKED" type="DOCKED" visible="false" show_stripe_button="true" weight="0.25" sideWeight="0.5" order="1" side_tool="false" content_ui="tabs" />
      <window_info id="Usages" active="false" anchor="bottom" auto_hide="false" internal_type="DOCKED" type="DOCKED" visible="false" show_stripe_button="true" weight="0.33" sideWeight="0.5" order="-1" side_tool="false" content_ui="tabs" />
      <window_info id="Debug" active="false" anchor="bottom" auto_hide="false" internal_type="DOCKED" type="DOCKED" visible="false" show_stripe_button="true" weight="0.4" sideWeight="0.5" order="3" side_tool="false" content_ui="tabs" />
      <window_info id="TODO" active="false" anchor="bottom" auto_hide="false" internal_type="DOCKED" type="DOCKED" visible="false" show_stripe_button="true" weight="0.33" sideWeight="0.5" order="6" side_tool="false" content_ui="tabs" />
      <window_info id="Messages" active="false" anchor="bottom" auto_hide="false" internal_type="DOCKED" type="DOCKED" visible="true" show_stripe_button="true" weight="0.32923076" sideWeight="0.49359658" order="-1" side_tool="false" content_ui="tabs" />
      <window_info id="Context Actions" active="false" anchor="right" auto_hide="false" internal_type="DOCKED" type="DOCKED" visible="false" show_stripe_button="true" weight="0.33" sideWeight="0.5" order="-1" side_tool="false" content_ui="tabs" />
      <window_info id="Version Control" active="false" anchor="bottom" auto_hide="false" internal_type="DOCKED" type="DOCKED" visible="false" show_stripe_button="false" weight="0.33" sideWeight="0.5" order="-1" side_tool="false" content_ui="tabs" />
      <window_info id="Run" active="false" anchor="bottom" auto_hide="false" internal_type="DOCKED" type="DOCKED" visible="false" show_stripe_button="true" weight="0.33" sideWeight="0.5" order="2" side_tool="false" content_ui="tabs" />
      <window_info id="RefactoringView" active="false" anchor="bottom" auto_hide="false" internal_type="DOCKED" type="DOCKED" visible="false" show_stripe_button="true" weight="0.33" sideWeight="0.5" order="-1" side_tool="false" content_ui="tabs" />
      <window_info id="Node Explorer" active="false" anchor="bottom" auto_hide="false" internal_type="DOCKED" type="DOCKED" visible="false" show_stripe_button="true" weight="0.33" sideWeight="0.5" order="-1" side_tool="false" content_ui="tabs" />
      <window_info id="Typechecker State" active="false" anchor="bottom" auto_hide="false" internal_type="DOCKED" type="DOCKED" visible="false" show_stripe_button="true" weight="0.33" sideWeight="0.5" order="-1" side_tool="false" content_ui="tabs" />
      <window_info id="Terminal" active="false" anchor="bottom" auto_hide="false" internal_type="DOCKED" type="DOCKED" visible="false" show_stripe_button="true" weight="0.33" sideWeight="0.5" order="-1" side_tool="false" content_ui="tabs" />
      <window_info id="Supertypes" active="false" anchor="right" auto_hide="false" internal_type="DOCKED" type="DOCKED" visible="false" show_stripe_button="true" weight="0.33" sideWeight="0.5" order="-1" side_tool="false" content_ui="tabs" />
      <window_info id="Project" active="true" anchor="left" auto_hide="false" internal_type="DOCKED" type="DOCKED" visible="true" show_stripe_button="true" weight="0.2497332" sideWeight="0.5" order="0" side_tool="false" content_ui="combo" />
      <window_info id="Typesystem Trace" active="false" anchor="right" auto_hide="false" internal_type="DOCKED" type="DOCKED" visible="false" show_stripe_button="true" weight="0.33" sideWeight="0.5" order="-1" side_tool="false" content_ui="tabs" />
      <window_info id="Classpath Explorer" active="false" anchor="bottom" auto_hide="false" internal_type="DOCKED" type="DOCKED" visible="false" show_stripe_button="true" weight="0.33" sideWeight="0.5" order="-1" side_tool="false" content_ui="tabs" />
      <window_info id="Cell Explorer" active="false" anchor="bottom" auto_hide="false" internal_type="DOCKED" type="DOCKED" visible="false" show_stripe_button="true" weight="0.33" sideWeight="0.5" order="-1" side_tool="false" content_ui="tabs" />
      <window_info id="Dependencies Viewer" active="false" anchor="bottom" auto_hide="false" internal_type="DOCKED" type="DOCKED" visible="false" show_stripe_button="true" weight="0.33" sideWeight="0.5" order="-1" side_tool="false" content_ui="tabs" />
      <window_info id="Cvs" active="false" anchor="bottom" auto_hide="false" internal_type="DOCKED" type="DOCKED" visible="false" show_stripe_button="true" weight="0.25" sideWeight="0.5" order="4" side_tool="false" content_ui="tabs" />
      <window_info id="Message" active="false" anchor="bottom" auto_hide="false" internal_type="DOCKED" type="DOCKED" visible="false" show_stripe_button="true" weight="0.33" sideWeight="0.5" order="0" side_tool="false" content_ui="tabs" />
      <window_info id="Commander" active="false" anchor="right" auto_hide="false" internal_type="DOCKED" type="DOCKED" visible="false" show_stripe_button="true" weight="0.4" sideWeight="0.5" order="0" side_tool="false" content_ui="tabs" />
      <window_info id="Find" active="false" anchor="bottom" auto_hide="false" internal_type="DOCKED" type="DOCKED" visible="false" show_stripe_button="true" weight="0.33" sideWeight="0.5" order="1" side_tool="false" content_ui="tabs" />
      <window_info id="Inspection" active="false" anchor="bottom" auto_hide="false" internal_type="DOCKED" type="DOCKED" visible="false" show_stripe_button="true" weight="0.4" sideWeight="0.5" order="5" side_tool="false" content_ui="tabs" />
      <window_info id="Ant Build" active="false" anchor="right" auto_hide="false" internal_type="DOCKED" type="DOCKED" visible="false" show_stripe_button="true" weight="0.25" sideWeight="0.5" order="1" side_tool="false" content_ui="tabs" />
    </layout>
  </component>
  <component name="UsagesViewTool">
    <version id="1" />
    <tabs />
    <default_view_options>
      <options category_option="false" module_option="true" model_option="true" root_option="true" path_option="false" count_option="true" info_option="true" view_searched_nodes_option="true" group_searched_nodes_option="true" autoscroll_option="false" />
    </default_view_options>
  </component>
  <component name="VcsContentAnnotationSettings">
    <option name="myLimit" value="2678400000" />
  </component>
  <component name="editorHistoryManager">
    <entry file="mps://node://Mobile_language/Mobile_language.structure/&lt;no name&gt;[ConceptDeclaration]">
      <provider selected="true" editor-type-id="MPSFileEditor">
        <state class="jetbrains.mps.ide.editor.tabs.TabbedEditor$TabbedEditorState">
          <memento saveSessionState="false" viewPositionX="0" viewPositionY="0">
            <selectionStack>
              <stackElement className="jetbrains.mps.nodeEditor.selection.EditorCellLabelSelection">
                <property name="hasNonTrivialSelection" value="false" />
                <property name="caretX" value="175" />
                <property name="caretXRelative" value="32" />
                <property name="sideSelectDirection" value="NONE" />
                <cellInfo cellId="property_name">
                  <node node_reference="r:7f98ed50-824f-4790-9e8c-6db9fc00e025(Mobile_language.editor)/4160282296008659150" />
                </cellInfo>
              </stackElement>
            </selectionStack>
            <errorMarkers />
            <transactionalProperties />
            <foldable />
            <restoreAlways />
          </memento>
          <inspectorMemento currentlyEditedNode="r:dad244af-33cd-42a3-a6ad-306df5e2797f(Mobile_language.structure)/4160282296008689762" saveSessionState="false" viewPositionX="0" viewPositionY="0">
            <selectionStack />
            <errorMarkers />
            <transactionalProperties />
            <foldable />
            <restoreAlways />
            <enabledHints />
          </inspectorMemento>
          <node node_ref="r:7f98ed50-824f-4790-9e8c-6db9fc00e025(Mobile_language.editor)/4160282296008659071" />
        </state>
      </provider>
    </entry>
    <entry file="mps://node://Mobile_language/Mobile_language.structure/&lt;no name&gt;[ConceptDeclaration]">
      <provider selected="true" editor-type-id="MPSFileEditor">
        <state class="jetbrains.mps.ide.editor.tabs.TabbedEditor$TabbedEditorState" editorFocused="true">
          <memento saveSessionState="false" viewPositionX="0" viewPositionY="0">
            <selectionStack>
              <stackElement className="jetbrains.mps.nodeEditor.selection.EditorCellLabelSelection">
                <property name="hasNonTrivialSelection" value="false" />
                <property name="caretX" value="79" />
                <property name="caretXRelative" value="0" />
                <property name="sideSelectDirection" value="NONE" />
                <cellInfo cellId="name">
                  <node node_reference="r:dad244af-33cd-42a3-a6ad-306df5e2797f(Mobile_language.structure)/4160282296008689762" />
                </cellInfo>
              </stackElement>
            </selectionStack>
            <errorMarkers>
              <errorMarker text="" propertyCell="true" cellId="name">
                <node node_reference="r:dad244af-33cd-42a3-a6ad-306df5e2797f(Mobile_language.structure)/4160282296008689762" />
              </errorMarker>
            </errorMarkers>
            <transactionalProperties />
            <foldable />
            <restoreAlways />
          </memento>
          <inspectorMemento currentlyEditedNode="r:dad244af-33cd-42a3-a6ad-306df5e2797f(Mobile_language.structure)/4160282296008689762" saveSessionState="false" viewPositionX="0" viewPositionY="0">
            <selectionStack />
            <errorMarkers />
            <transactionalProperties />
            <foldable />
            <restoreAlways />
            <enabledHints />
          </inspectorMemento>
          <node node_ref="r:dad244af-33cd-42a3-a6ad-306df5e2797f(Mobile_language.structure)/4160282296008689762" />
        </state>
      </provider>
    </entry>
    <entry file="mps://node://Mobile_language/Mobile_language.structure/&lt;no name&gt;[ConceptDeclaration]">
      <provider selected="true" editor-type-id="MPSFileEditor">
        <state class="jetbrains.mps.ide.editor.tabs.TabbedEditor$TabbedEditorState" editorFocused="true">
          <memento saveSessionState="false" viewPositionX="0" viewPositionY="0">
            <selectionStack>
              <stackElement className="jetbrains.mps.nodeEditor.selection.EditorCellLabelSelection">
                <property name="hasNonTrivialSelection" value="false" />
                <property name="caretX" value="79" />
                <property name="caretXRelative" value="0" />
                <property name="sideSelectDirection" value="NONE" />
                <cellInfo cellId="name">
                  <node node_reference="r:dad244af-33cd-42a3-a6ad-306df5e2797f(Mobile_language.structure)/4160282296008689762" />
                </cellInfo>
              </stackElement>
            </selectionStack>
            <errorMarkers>
              <errorMarker text="" propertyCell="true" cellId="name">
                <node node_reference="r:dad244af-33cd-42a3-a6ad-306df5e2797f(Mobile_language.structure)/4160282296008689762" />
              </errorMarker>
            </errorMarkers>
            <transactionalProperties />
            <foldable />
            <restoreAlways />
          </memento>
          <inspectorMemento currentlyEditedNode="r:dad244af-33cd-42a3-a6ad-306df5e2797f(Mobile_language.structure)/4160282296008689762" saveSessionState="false" viewPositionX="0" viewPositionY="0">
            <selectionStack />
            <errorMarkers />
            <transactionalProperties />
            <foldable />
            <restoreAlways />
            <enabledHints />
          </inspectorMemento>
          <node node_ref="r:dad244af-33cd-42a3-a6ad-306df5e2797f(Mobile_language.structure)/4160282296008689762" />
        </state>
      </provider>
    </entry>
    <entry file="mps://node://Mobile_language/Mobile_language.structure/InputFeature">
      <provider selected="true" editor-type-id="MPSFileEditor">
        <state class="jetbrains.mps.ide.editor.tabs.TabbedEditor$TabbedEditorState">
          <memento saveSessionState="false" viewPositionX="0" viewPositionY="0">
            <selectionStack>
              <stackElement className="jetbrains.mps.nodeEditor.selection.EditorCellLabelSelection">
                <property name="hasNonTrivialSelection" value="false" />
                <property name="caretX" value="171" />
                <property name="caretXRelative" value="32" />
                <property name="sideSelectDirection" value="NONE" />
                <cellInfo cellId="property_name">
                  <node node_reference="r:7f98ed50-824f-4790-9e8c-6db9fc00e025(Mobile_language.editor)/4160282296008689869" />
                </cellInfo>
              </stackElement>
            </selectionStack>
            <errorMarkers />
            <transactionalProperties />
            <foldable />
            <restoreAlways />
          </memento>
          <inspectorMemento currentlyEditedNode="r:b11cbd1c-9a19-4c05-a0d7-8e83939b9ec0(Mobile_language.sandbox)/4160282296009604089" saveSessionState="false" viewPositionX="0" viewPositionY="0">
            <selectionStack />
            <errorMarkers />
            <transactionalProperties />
            <foldable />
            <restoreAlways />
            <enabledHints />
          </inspectorMemento>
          <node node_ref="r:7f98ed50-824f-4790-9e8c-6db9fc00e025(Mobile_language.editor)/4160282296008689817" />
        </state>
      </provider>
    </entry>
    <entry file="mps://node://Mobile_language/Mobile_language.structure/&lt;no name&gt;[ConceptDeclaration]">
      <provider selected="true" editor-type-id="MPSFileEditor">
        <state class="jetbrains.mps.ide.editor.tabs.TabbedEditor$TabbedEditorState" editorFocused="true">
          <memento saveSessionState="false" viewPositionX="0" viewPositionY="0">
            <selectionStack>
              <stackElement className="jetbrains.mps.nodeEditor.selection.EditorCellLabelSelection">
                <property name="hasNonTrivialSelection" value="false" />
                <property name="caretX" value="79" />
                <property name="caretXRelative" value="0" />
                <property name="sideSelectDirection" value="NONE" />
                <cellInfo cellId="name">
                  <node node_reference="r:dad244af-33cd-42a3-a6ad-306df5e2797f(Mobile_language.structure)/4160282296008689875" />
                </cellInfo>
              </stackElement>
            </selectionStack>
            <errorMarkers>
              <errorMarker text="" propertyCell="true" cellId="name">
                <node node_reference="r:dad244af-33cd-42a3-a6ad-306df5e2797f(Mobile_language.structure)/4160282296008689875" />
              </errorMarker>
            </errorMarkers>
            <transactionalProperties />
            <foldable />
            <restoreAlways />
          </memento>
          <inspectorMemento currentlyEditedNode="r:dad244af-33cd-42a3-a6ad-306df5e2797f(Mobile_language.structure)/4160282296008689875" saveSessionState="false" viewPositionX="0" viewPositionY="0">
            <selectionStack />
            <errorMarkers />
            <transactionalProperties />
            <foldable />
            <restoreAlways />
            <enabledHints />
          </inspectorMemento>
          <node node_ref="r:dad244af-33cd-42a3-a6ad-306df5e2797f(Mobile_language.structure)/4160282296008689875" />
        </state>
      </provider>
    </entry>
    <entry file="mps://node://Mobile_language/Mobile_language.structure/&lt;no name&gt;[ConceptDeclaration]">
      <provider selected="true" editor-type-id="MPSFileEditor">
        <state class="jetbrains.mps.ide.editor.tabs.TabbedEditor$TabbedEditorState">
          <memento saveSessionState="false" viewPositionX="0" viewPositionY="0">
            <selectionStack>
              <stackElement className="jetbrains.mps.nodeEditor.selection.EditorCellLabelSelection">
                <property name="hasNonTrivialSelection" value="false" />
                <property name="caretX" value="51" />
                <property name="caretXRelative" value="0" />
                <property name="sideSelectDirection" value="NONE" />
                <cellInfo cellId="property_text">
                  <node node_reference="r:7f98ed50-824f-4790-9e8c-6db9fc00e025(Mobile_language.editor)/4160282296008699964" />
                </cellInfo>
              </stackElement>
            </selectionStack>
            <errorMarkers />
            <transactionalProperties />
            <foldable />
            <restoreAlways />
          </memento>
          <inspectorMemento currentlyEditedNode="r:e6e435ec-c162-4f10-833f-a304c277578d(Mobile_language.sandbox)/4160282296008702040" saveSessionState="false" viewPositionX="0" viewPositionY="0">
            <selectionStack />
            <errorMarkers />
            <transactionalProperties />
            <foldable />
            <restoreAlways />
            <enabledHints />
          </inspectorMemento>
          <node node_ref="r:7f98ed50-824f-4790-9e8c-6db9fc00e025(Mobile_language.editor)/4160282296008659071" />
        </state>
      </provider>
    </entry>
    <entry file="mps://node://jetbrains.mps.baseLanguage/jetbrains.mps.baseLanguage.structure/Expression">
      <provider selected="true" editor-type-id="MPSFileEditor">
        <state class="jetbrains.mps.ide.editor.tabs.TabbedEditor$TabbedEditorState">
          <memento saveSessionState="false" viewPositionX="0" viewPositionY="0">
            <selectionStack>
              <stackElement className="jetbrains.mps.nodeEditor.selection.EditorCellLabelSelection">
                <property name="hasNonTrivialSelection" value="false" />
                <property name="caretX" value="231" />
                <property name="caretXRelative" value="80" />
                <property name="sideSelectDirection" value="NONE" />
                <cellInfo cellId="name">
                  <node node_reference="r:00000000-0000-4000-0000-011c895902ca(jetbrains.mps.baseLanguage.structure)/1068431790191" />
                </cellInfo>
              </stackElement>
            </selectionStack>
            <errorMarkers />
            <transactionalProperties />
            <foldable />
            <restoreAlways />
          </memento>
          <inspectorMemento currentlyEditedNode="r:b11cbd1c-9a19-4c05-a0d7-8e83939b9ec0(Mobile_language.sandbox)/4160282296009604089" saveSessionState="false" viewPositionX="0" viewPositionY="0">
            <selectionStack />
            <errorMarkers />
            <transactionalProperties />
            <foldable />
            <restoreAlways />
            <enabledHints />
          </inspectorMemento>
          <node node_ref="r:00000000-0000-4000-0000-011c895902ca(jetbrains.mps.baseLanguage.structure)/1068431790191" />
        </state>
      </provider>
    </entry>
    <entry file="mps://node://Mobile_language/Mobile_language.structure/OutputField">
      <provider selected="true" editor-type-id="MPSFileEditor">
        <state class="jetbrains.mps.ide.editor.tabs.TabbedEditor$TabbedEditorState">
          <memento saveSessionState="false" viewPositionX="0" viewPositionY="0">
            <selectionStack>
              <stackElement className="jetbrains.mps.nodeEditor.selection.EditorCellLabelSelection">
                <property name="hasNonTrivialSelection" value="false" />
                <property name="caretX" value="227" />
                <property name="caretXRelative" value="80" />
                <property name="sideSelectDirection" value="NONE" />
                <cellInfo cellId="property_role">
                  <node node_reference="r:7f98ed50-824f-4790-9e8c-6db9fc00e025(Mobile_language.editor)/4160282296008702078" />
                </cellInfo>
              </stackElement>
            </selectionStack>
            <errorMarkers />
            <transactionalProperties />
            <foldable />
            <restoreAlways />
          </memento>
          <inspectorMemento currentlyEditedNode="r:b11cbd1c-9a19-4c05-a0d7-8e83939b9ec0(Mobile_language.sandbox)/4160282296009604089" saveSessionState="false" viewPositionX="0" viewPositionY="0">
            <selectionStack />
            <errorMarkers />
            <transactionalProperties />
            <foldable />
            <restoreAlways />
            <enabledHints />
          </inspectorMemento>
          <node node_ref="r:7f98ed50-824f-4790-9e8c-6db9fc00e025(Mobile_language.editor)/4160282296008689911" />
        </state>
      </provider>
    </entry>
    <entry file="mps://node://Mobile_language/Mobile_language.structure/&lt;no name&gt;[ConceptDeclaration]">
      <provider selected="true" editor-type-id="MPSFileEditor">
        <state class="jetbrains.mps.ide.editor.tabs.TabbedEditor$TabbedEditorState" editorFocused="true">
          <memento saveSessionState="false" viewPositionX="0" viewPositionY="0">
            <selectionStack>
              <stackElement className="jetbrains.mps.nodeEditor.selection.EditorCellLabelSelection">
                <property name="hasNonTrivialSelection" value="false" />
                <property name="caretX" value="79" />
                <property name="caretXRelative" value="0" />
                <property name="sideSelectDirection" value="NONE" />
                <cellInfo cellId="name">
                  <node node_reference="r:dad244af-33cd-42a3-a6ad-306df5e2797f(Mobile_language.structure)/4160282296008709586" />
                </cellInfo>
              </stackElement>
            </selectionStack>
            <errorMarkers>
              <errorMarker text="" propertyCell="true" cellId="name">
                <node node_reference="r:dad244af-33cd-42a3-a6ad-306df5e2797f(Mobile_language.structure)/4160282296008709586" />
              </errorMarker>
            </errorMarkers>
            <transactionalProperties />
            <foldable />
            <restoreAlways />
          </memento>
          <inspectorMemento currentlyEditedNode="r:dad244af-33cd-42a3-a6ad-306df5e2797f(Mobile_language.structure)/4160282296008709586" saveSessionState="false" viewPositionX="0" viewPositionY="0">
            <selectionStack />
            <errorMarkers />
            <transactionalProperties />
            <foldable />
            <restoreAlways />
            <enabledHints />
          </inspectorMemento>
          <node node_ref="r:dad244af-33cd-42a3-a6ad-306df5e2797f(Mobile_language.structure)/4160282296008709586" />
        </state>
      </provider>
    </entry>
    <entry file="mps://node://Mobile_language#4160282296008658866/main@generator/null">
      <provider selected="true" editor-type-id="MPSFileEditor">
        <state class="jetbrains.mps.ide.editor.BaseNodeEditor$BaseEditorState">
          <memento saveSessionState="false" viewPositionX="0" viewPositionY="0">
            <selectionStack />
            <errorMarkers />
            <transactionalProperties />
            <foldable>
              <collapsedElement isCollapsed="false">
                <cellIdElement cellId="Collection_fao2ea_a">
                  <node node_reference="r:6298043a-01ec-4c67-bce7-297f1f8ca6af(main@generator)/4160282296008846528" />
                </cellIdElement>
              </collapsedElement>
              <collapsedElement isCollapsed="false">
                <cellIdElement cellId="Collection_msf9u8_b0">
                  <node node_reference="r:6298043a-01ec-4c67-bce7-297f1f8ca6af(main@generator)/4160282296008846526" />
                </cellIdElement>
              </collapsedElement>
              <collapsedElement isCollapsed="false">
                <cellIdElement cellId="Collection_fao2ea_a">
                  <node node_reference="r:6298043a-01ec-4c67-bce7-297f1f8ca6af(main@generator)/4160282296008784669" />
                </cellIdElement>
              </collapsedElement>
              <collapsedElement isCollapsed="false">
                <cellIdElement cellId="Collection_fao2ea_a">
                  <node node_reference="r:6298043a-01ec-4c67-bce7-297f1f8ca6af(main@generator)/4160282296008784661" />
                </cellIdElement>
              </collapsedElement>
              <collapsedElement isCollapsed="false">
                <cellIdElement cellId="Collection_fao2ea_a">
                  <node node_reference="r:6298043a-01ec-4c67-bce7-297f1f8ca6af(main@generator)/4160282296008784653" />
                </cellIdElement>
              </collapsedElement>
              <collapsedElement isCollapsed="false">
                <cellIdElement cellId="Collection_msf9u8_b0">
                  <node node_reference="r:6298043a-01ec-4c67-bce7-297f1f8ca6af(main@generator)/4160282296008784651" />
                </cellIdElement>
              </collapsedElement>
              <collapsedElement isCollapsed="false">
                <cellIdElement cellId="Collection_fao2ea_a">
                  <node node_reference="r:6298043a-01ec-4c67-bce7-297f1f8ca6af(main@generator)/4160282296008825094" />
                </cellIdElement>
              </collapsedElement>
              <collapsedElement isCollapsed="false">
                <cellIdElement cellId="Collection_fao2ea_a">
                  <node node_reference="r:6298043a-01ec-4c67-bce7-297f1f8ca6af(main@generator)/4160282296008805563" />
                </cellIdElement>
              </collapsedElement>
              <collapsedElement isCollapsed="false">
                <cellIdElement cellId="Collection_fao2ea_a">
                  <node node_reference="r:6298043a-01ec-4c67-bce7-297f1f8ca6af(main@generator)/4160282296008878638" />
                </cellIdElement>
              </collapsedElement>
            </foldable>
            <restoreAlways />
          </memento>
          <inspectorMemento currentlyEditedNode="r:b11cbd1c-9a19-4c05-a0d7-8e83939b9ec0(Mobile_language.sandbox)/4160282296009604089" saveSessionState="false" viewPositionX="0" viewPositionY="0">
            <selectionStack />
            <errorMarkers />
            <transactionalProperties />
            <foldable />
            <restoreAlways />
            <enabledHints />
          </inspectorMemento>
        </state>
      </provider>
    </entry>
    <entry file="mps://node://Mobile_language.sandbox/Mobile_language.sandbox/&lt;no name&gt;[Mobile]">
      <provider selected="true" editor-type-id="MPSFileEditor">
        <state class="jetbrains.mps.ide.editor.BaseNodeEditor$BaseEditorState">
          <memento saveSessionState="false" viewPositionX="0" viewPositionY="0">
            <selectionStack>
              <stackElement className="jetbrains.mps.nodeEditor.selection.EditorCellLabelSelection">
                <property name="hasNonTrivialSelection" value="false" />
                <property name="caretX" value="331" />
                <property name="caretXRelative" value="40" />
                <property name="sideSelectDirection" value="NONE" />
                <cellInfo cellId="property_value">
                  <node node_reference="r:e6e435ec-c162-4f10-833f-a304c277578d(Mobile_language.sandbox)/4160282296008733708" />
                </cellInfo>
              </stackElement>
            </selectionStack>
            <errorMarkers />
            <transactionalProperties />
            <foldable />
            <restoreAlways />
          </memento>
          <inspectorMemento currentlyEditedNode="r:b11cbd1c-9a19-4c05-a0d7-8e83939b9ec0(Mobile_language.sandbox)/4160282296009604089" saveSessionState="false" viewPositionX="0" viewPositionY="0">
            <selectionStack />
            <errorMarkers />
            <transactionalProperties />
            <foldable />
            <restoreAlways />
            <enabledHints />
          </inspectorMemento>
        </state>
      </provider>
    </entry>
    <entry file="mps://node://Mobile_language/Mobile_language.structure/InputFeatureReference">
      <provider selected="true" editor-type-id="MPSFileEditor">
        <state class="jetbrains.mps.ide.editor.tabs.TabbedEditor$TabbedEditorState">
          <memento saveSessionState="false" viewPositionX="0" viewPositionY="0">
            <selectionStack>
              <stackElement className="jetbrains.mps.nodeEditor.selection.EditorCellLabelSelection">
                <property name="hasNonTrivialSelection" value="false" />
                <property name="caretX" value="423" />
                <property name="caretXRelative" value="80" />
                <property name="sideSelectDirection" value="NONE" />
                <cellInfo cellId="property_name">
                  <node node_reference="r:dad244af-33cd-42a3-a6ad-306df5e2797f(Mobile_language.structure)/4160282296008709586" />
                </cellInfo>
              </stackElement>
            </selectionStack>
            <errorMarkers />
            <transactionalProperties />
            <foldable />
            <restoreAlways />
          </memento>
          <inspectorMemento currentlyEditedNode="r:b11cbd1c-9a19-4c05-a0d7-8e83939b9ec0(Mobile_language.sandbox)/4160282296009604089" saveSessionState="false" viewPositionX="0" viewPositionY="0">
            <selectionStack />
            <errorMarkers />
            <transactionalProperties />
            <foldable />
            <restoreAlways />
            <enabledHints />
          </inspectorMemento>
          <node node_ref="r:dad244af-33cd-42a3-a6ad-306df5e2797f(Mobile_language.structure)/4160282296008709586" />
        </state>
      </provider>
    </entry>
    <entry file="mps://node://Mobile_language/Mobile_language.structure/&lt;no name&gt;[ConceptDeclaration]">
      <provider selected="true" editor-type-id="MPSFileEditor">
        <state class="jetbrains.mps.ide.editor.tabs.TabbedEditor$TabbedEditorState">
          <memento saveSessionState="false" viewPositionX="0" viewPositionY="180">
            <selectionStack>
              <stackElement className="jetbrains.mps.nodeEditor.selection.EditorCellLabelSelection">
                <property name="hasNonTrivialSelection" value="false" />
                <property name="caretX" value="358" />
                <property name="caretXRelative" value="8" />
                <property name="sideSelectDirection" value="NONE" />
                <cellInfo cellId="Constant_jiideg_a0">
                  <node node_reference="r:6298043a-01ec-4c67-bce7-297f1f8ca6af(main@generator)/4160282296009514352" />
                </cellInfo>
              </stackElement>
            </selectionStack>
            <errorMarkers />
            <transactionalProperties />
            <foldable>
              <collapsedElement isCollapsed="false">
                <cellIdElement cellId="Collection_fao2ea_a">
                  <node node_reference="r:6298043a-01ec-4c67-bce7-297f1f8ca6af(main@generator)/4160282296008846528" />
                </cellIdElement>
              </collapsedElement>
              <collapsedElement isCollapsed="false">
                <cellIdElement cellId="Collection_msf9u8_b0">
                  <node node_reference="r:6298043a-01ec-4c67-bce7-297f1f8ca6af(main@generator)/4160282296008846526" />
                </cellIdElement>
              </collapsedElement>
              <collapsedElement isCollapsed="false">
                <cellIdElement cellId="Collection_fao2ea_a">
                  <node node_reference="r:6298043a-01ec-4c67-bce7-297f1f8ca6af(main@generator)/4160282296008784669" />
                </cellIdElement>
              </collapsedElement>
              <collapsedElement isCollapsed="false">
                <cellIdElement cellId="Collection_fao2ea_a">
                  <node node_reference="r:6298043a-01ec-4c67-bce7-297f1f8ca6af(main@generator)/4160282296008784661" />
                </cellIdElement>
              </collapsedElement>
              <collapsedElement isCollapsed="false">
                <cellIdElement cellId="Collection_fao2ea_a">
                  <node node_reference="r:6298043a-01ec-4c67-bce7-297f1f8ca6af(main@generator)/4160282296008784653" />
                </cellIdElement>
              </collapsedElement>
              <collapsedElement isCollapsed="false">
                <cellIdElement cellId="Collection_msf9u8_b0">
                  <node node_reference="r:6298043a-01ec-4c67-bce7-297f1f8ca6af(main@generator)/4160282296008784651" />
                </cellIdElement>
              </collapsedElement>
              <collapsedElement isCollapsed="false">
                <cellIdElement cellId="Collection_fao2ea_a">
                  <node node_reference="r:6298043a-01ec-4c67-bce7-297f1f8ca6af(main@generator)/4160282296008825094" />
                </cellIdElement>
              </collapsedElement>
              <collapsedElement isCollapsed="false">
                <cellIdElement cellId="Collection_fao2ea_a">
                  <node node_reference="r:6298043a-01ec-4c67-bce7-297f1f8ca6af(main@generator)/4160282296008805563" />
                </cellIdElement>
              </collapsedElement>
              <collapsedElement isCollapsed="false">
                <cellIdElement cellId="Collection_fao2ea_a">
                  <node node_reference="r:6298043a-01ec-4c67-bce7-297f1f8ca6af(main@generator)/4160282296008878638" />
                </cellIdElement>
              </collapsedElement>
            </foldable>
            <restoreAlways>
              <collapsedElement isCollapsed="false">
                <cellIdElement cellId="Collection_fao2ea_a">
                  <node node_reference="r:6298043a-01ec-4c67-bce7-297f1f8ca6af(main@generator)/4160282296008805563" />
                </cellIdElement>
              </collapsedElement>
            </restoreAlways>
          </memento>
          <inspectorMemento currentlyEditedNode="r:b11cbd1c-9a19-4c05-a0d7-8e83939b9ec0(Mobile_language.sandbox)/4160282296009604089" saveSessionState="false" viewPositionX="0" viewPositionY="0">
            <selectionStack />
            <errorMarkers />
            <transactionalProperties />
            <foldable />
            <restoreAlways />
            <enabledHints />
          </inspectorMemento>
          <node node_ref="r:6298043a-01ec-4c67-bce7-297f1f8ca6af(main@generator)/4160282296008733753" />
        </state>
      </provider>
    </entry>
    <entry file="mps://node://Mobile_language#4160282296008658866/main@generator/main">
      <provider selected="true" editor-type-id="MPSFileEditor">
        <state class="jetbrains.mps.ide.editor.BaseNodeEditor$BaseEditorState">
          <memento saveSessionState="false" viewPositionX="0" viewPositionY="0">
            <selectionStack>
              <stackElement className="jetbrains.mps.nodeEditor.selection.EditorCellLabelSelection">
                <property name="hasNonTrivialSelection" value="false" />
                <property name="caretX" value="476" />
                <property name="caretXRelative" value="16" />
                <property name="sideSelectDirection" value="NONE" />
                <cellInfo cellId="Constant_9o3sb9_a0">
                  <node node_reference="r:6298043a-01ec-4c67-bce7-297f1f8ca6af(main@generator)/4160282296009532595" />
                </cellInfo>
              </stackElement>
            </selectionStack>
            <errorMarkers />
            <transactionalProperties />
            <foldable>
              <collapsedElement isCollapsed="false">
                <cellIdElement cellId="refNodeList_dropAttrubuteRule">
                  <node node_reference="r:6298043a-01ec-4c67-bce7-297f1f8ca6af(main@generator)/4160282296008658867" />
                </cellIdElement>
              </collapsedElement>
            </foldable>
            <restoreAlways />
          </memento>
          <inspectorMemento currentlyEditedNode="r:b11cbd1c-9a19-4c05-a0d7-8e83939b9ec0(Mobile_language.sandbox)/4160282296009604089" saveSessionState="false" viewPositionX="0" viewPositionY="0">
            <selectionStack />
            <errorMarkers />
            <transactionalProperties />
            <foldable />
            <restoreAlways />
            <enabledHints />
          </inspectorMemento>
        </state>
      </provider>
    </entry>
  </component>
</project>